(1).jpg,Mujer,1,
(10).jpg,Mujer,2,
(10).png,Mujer,2,
(11).jpg,Hombre,5,
(12).jpg,Hombre,5,
(12).png,Mujer,2,
(13).jpg,Mujer,2,
(14).jpg,Mujer,2,
(14).png,Mujer,2,
(15).png,Mujer,3,
(16).jpg,Mujer,2,
(16).png,Hombre,2,
(17).jpg,Mujer,2,
(18).jpg,Mujer,2,
(18).png,Mujer,2,
(19).jpg,Mujer,2,
(2).jpg,Mujer,2,
(20).jpg,Mujer,2,
(22).jpg,Hombre,5,
(26).jpg,Mujer,5,
(27).jpg,Hombre,2,
(28).jpg,Mujer,3,
(29).jpg,Mujer,2,
(3).jpg,Mujer,2,
(3).png,Mujer,2,
(4).jpg,Mujer,2,
(4).png,Mujer,2,
(5).png,Mujer,2,
(6).jpg,Hombre,5,
(7).jpg,Hombre,5,
(7).png,Mujer,5,
(8).jpg,Hombre,2,
(8).png,Mujer,6,
